Accession Number,Inventory (x = verified),Genus,Species,Date Collected,UUID,Verified
A67397,x,Dictyosiphon,foeniculaceus,1980 Jul 13,60CD9429-CBDF-694C-ABAD-AD39EFA02247,03/17/2020
A14330,x,Ectocarpus,sp.,1982 Nov 12,04C132C5-B024-1042-B660-973CDE99441D,03/17/2020
A24174,x,Dictyota,sp.,1982 Feb 10,17E787E0-BBC1-AB49-9D53-2627FCA98ECA,03/17/2020
A33925,x,Dictyota,sp.,1982 Feb 10,52BC9C5D-0A3A-364F-B6A6-A30EE9C7E5F8,03/17/2020
A37271,x,Dictyosiphon,foeniculaceus,1982 Aug 24,5D254963-DCEF-7D4D-949E-F11189694B07,03/17/2020
A51662,x,Ectocarpus,sp.,1982 Aug 24,EB0B3B81-1336-C54B-8095-F9F1A9B400DE,03/17/2020
A32870,x,Dictyosiphon,foeniculaceus,1984 Jun 13,A7DA9017-6BAA-6B41-AD25-123D3F18F027,03/17/2020
A67792,x,Dictyosiphon,foeniculaceus,1984 Jun 13,B6A0E384-6809-0847-B646-FDFDEC24A2BF,03/17/2020
A67951,x,Dictyosiphon,foeniculaceus,1980 Aug 08,8CD7D040-423E-0441-9B7C-1BE1F4921F8C,03/17/2020
A69179,x,Ectocarpus,fasciculatus,1982 May 12,FDD54BB0-0DAC-B74A-9768-4460C644535D,03/17/2020
A68974,x,Dictyosiphon,foeniculaceus,1987 May 13,4260E8E4-DBD2-D348-8178-02D769720064,03/17/2020
A68973,x,Dictyosiphon,foeniculaceus,1987 May 13,BFCEF4D6-645A-7141-90B8-4FEA42050C39,03/17/2020
A70352,x,Dictyota,binghamiae,1986 Apr 11,2753DF4E-B5C2-5048-AF05-6497163CACF8,03/17/2020
A70638,x,Ectocarpus,fasciculatus,1988 Jun 29,843280C8-7D06-354D-BFFD-9FAC9CF4E1F4,03/17/2020
A70044,x,Dictyosiphon,foeniculaceus,1981 Aug 18,7F924A8F-7FC4-5849-9455-F381874848DC,03/17/2020
A298,x,Dictyosiphon,foeniculaceus,[unknown],19A36DC8-D659-1D4C-97B6-6E786EC6D470,03/17/2020
A64053,x,Dictyota,sp.,1980 Jan 14,52F2D91A-C44F-2E49-9EA6-06FC36542E8E,03/17/2020
A301,x,Dictyosiphon,hispidus,1917 Jul,AB7F6446-6F0F-2242-B96B-661E4D7481C2,03/17/2020
A60267,x,Dictyota,binghamiae,1977 May 17,365F411A-E8C7-7D4F-80E5-9FD4734C3667,03/17/2020
A39737,x,Dictyota,binghamiae,1969 May 08,4E110DFF-B9BC-5745-8D92-3DEA137FC49E,03/17/2020
A40171,x,Dictyota,binghamiae,1969 Jun 01,65D9CE0A-163A-EC4A-AEF0-F47466C3DB29,03/17/2020
A55511,x,Dictyota,binghamiae,1976 Apr 01,F14E5019-EF56-DD4D-BFF0-7F3923509331,03/17/2020
A55496,x,Dictyota,binghamiae,1976 Apr 01,4F6A1888-B2C5-094D-9129-6CFE90A87DF2,03/17/2020
A43403,x,Dictyota,binghamiae,1969 Aug 01,C0821105-6FD9-E043-A955-BE1A28415153,03/17/2020
A38839,x,Dictyota,binghamiae,1968 Sep 03,BE4DE0C8-89E4-634E-A798-BE74A3589ACF,03/17/2020
A38365,x,Dictyota,binghamiae,1968 Sep 01,54F6E9C1-6D08-EA4B-A6A3-E4B3292DDECF,03/17/2020
A38364,x,Dictyota,binghamiae,1968 Aug 31,FCC2C772-F017-244F-ACA0-80B11229011C,03/17/2020
A38684,x,Dictyota,binghamiae,1968 Aug 31,1585C1B2-A1B8-8F49-AA7E-64E4651116AF,03/17/2020
A38363,x,Dictyota,binghamiae,1968 Aug 31,786EAE30-6716-0149-9C91-F69D99980345,03/17/2020
A38131,x,Dictyota,binghamiae,1968 Aug 28,B2AD8366-0822-EA44-B7E7-550FC3496A06,03/17/2020
A38132,x,Dictyota,binghamiae,1968 Aug 27,476EF3FD-5B74-294C-BBB9-C4676FB04552,03/17/2020
A35927,x,Dictyota,binghamiae,1968 Aug 20,3FE3D5AE-0AFF-8C42-8247-7C1FE9821657,03/17/2020
A35926,x,Dictyota,binghamiae,1968 Aug 19,B098A20B-E1C0-2748-9A52-837F4C9C14E4,03/17/2020
A36807,x,Dictyota,binghamiae,1968 Aug 18,2F925A34-C5EA-ED4F-9C00-7F892321689A,03/17/2020
A36808,x,Dictyota,binghamiae,1968 Aug 17,E9882D18-7B8A-CB43-8DA4-9FB3B0DDCA46,03/17/2020
A36516,x,Dictyota,binghamiae,1968 Aug 17,DC08E9EB-24DC-4546-B122-E730BFBF4FED,03/17/2020
A36306,x,Dictyota,binghamiae,1968 Aug 14,3B21A0BB-C767-E64C-9437-4F478B59F6E9,03/17/2020
A36149,x,Dictyota,binghamiae,1968 Aug 12,E96DED51-F019-704C-B191-653B8138CA90,03/17/2020
A35925,x,Dictyota,binghamiae,1968 Aug 11,E54FB946-965A-D54B-9260-2F22BCA2092C,03/17/2020
A36515,x,Dictyota,binghamiae,1968 Aug 11,FA741FFE-DFB3-604B-98F8-B9E6532B9600,03/17/2020
A36514,x,Dictyota,binghamiae,1968 Aug 11,0C7BA996-AADB-0544-AE61-57FB46938B32,03/17/2020
A55590,x,Dictyota,binghamiae,1976 Mar 26,07CFB0E6-8136-CB45-86F6-2C2270FFBF0B,03/17/2020
A55418,x,Dictyota,binghamiae,1976 Mar 31,A3CD5842-93DC-BC43-B6B9-71EDAD2146A9,03/17/2020
A48869,x,Dictyota,binghamiae,1970 Sep 14,35FF43CE-5468-DA49-999D-142FC8E846E0,03/17/2020
A27559,x,Dictyosiphon,foeniculaceus,1966 Jul 28,E1C6D73D-DDE1-0E42-B187-86FC792C7EB4,03/17/2020
A27558,x,Dictyosiphon,foeniculaceus,1966 Jul 28,716F11AD-F65F-E34F-8F33-93FD3ACE7B87,03/17/2020
A25937,x,Dictyosiphon,foeniculaceus,1966 Jul 08,498D4DA2-AB05-6643-BBF3-A6D78F07810B,03/17/2020
A22156,x,Dictyosiphon,foeniculaceus,1965 Jul 01,550DFA0E-F33B-554B-AF60-2CB1FC0B26CD,03/17/2020
A13768,x,Dictyosiphon,foeniculaceus,1960 Jul 12,AB1C476B-4EBA-8A46-B698-951F2114FB09,03/17/2020
A13700,x,Dictyosiphon,foeniculaceus,1960 Jul 08,FFEA9A1B-1F9F-6546-B41D-562D6F869EFF,03/17/2020
A9633,x,Dictyosiphon,foeniculaceus,1960 Jun 26,4E6B224D-E7F8-DD46-8B7A-E9F3B9634410,03/17/2020
A9685,x,Dictyosiphon,foeniculaceus,1960 Jun 13,A7949CC8-8E4E-324C-825D-19230888C1D8,03/17/2020
A60537,x,Dictyosiphon,foeniculaceus,1979 Apr 27,A0288EE2-4516-FF48-942E-9E2C489916E4,03/17/2020
A60596,x,Dictyosiphon,foeniculaceus,1979 Apr 05,F9DB7300-33A7-0C47-93EA-9CF26E86D776,03/17/2020
A60627,x,Dictyosiphon,foeniculaceus,1979 Apr 25,8E77AA5C-94B2-7F4A-9316-EC44B91BE51D,03/17/2020
A62542,x,Dictyosiphon,foeniculaceus,1980 Aug 01,E18A351A-D277-6947-BD00-7C40EC54BD29,03/17/2020
A62450,x,Dictyosiphon,foeniculaceus,1980 Jul 28,B87096AE-B2AF-8B45-9428-307DD6040C30,03/17/2020
A299,x,Dictyosiphon,foeniculaceus,1954 Jul 08,7EE0C3DF-BC2A-0E44-8B09-101792BC90B9,03/17/2020
A62527,x,Dictyosiphon,foeniculaceus,1980 Jul 30,0405A64F-04AB-ED4A-81A3-BF69339B8450,03/17/2020
A62446,x,Dictyosiphon,foeniculaceus,1980 Jul 27,A53EADAD-A97F-BE49-AF19-CADA912C0EDE,03/17/2020
A54374,x,Dictyosiphon,foeniculaceus,1975 Jul 15,B7367EFB-4833-B645-9688-C7130059D052,03/17/2020
A54373,x,Dictyosiphon,foeniculaceus,1975 Jul 15,C469F1C2-4B4C-7D4D-8AF5-C9C2C6A94A4E,03/17/2020
A54233,x,Dictyosiphon,foeniculaceus,1975 Jun 09,FC371070-58E2-DC4E-9AE2-29B19E2BC643,03/17/2020
A52592,x,Dictyosiphon,foeniculaceus,1966 Jan 26,CC8A4D70-4AD3-A149-856F-28F89A0803F3,03/17/2020
A52591,x,Dictyosiphon,foeniculaceus,1966 Jan 26,EEC027FB-4C4B-154D-9D4A-872B87A77D35,03/17/2020
A43159,x,Dictyosiphon,foeniculaceus,1969 Jul 30,EFD58C12-38C2-1B45-8EDE-1A213F0C45B2,03/17/2020
A63108,x,Dictyosiphon,foeniculaceus,1979 May 09,27915316-31D8-744B-A983-5C6A1D0C811B,03/17/2020
A26610,x,Dictyosiphon,foeniculaceus,1966 Jun 14,205857F5-EFAD-CE43-8E2B-76644712AE35,03/17/2020
A300,x,Dictyosiphon,foeniculaceus,1936 Jul 01,D26474C6-9ED4-2247-AEF8-F858F86815D1,03/17/2020
A23818,x,Dictyosiphon,foeniculaceus,1945 Jul 07,29C4169F-FB2F-2949-8064-EF3C3164054D,03/17/2020
A63641,x,Dictyosiphon,foeniculaceus,1827,959EAC91-6F38-994F-B0A5-72B6D612E4D0,03/17/2020
A59341,x,Dictyosiphon,macounii,1977 Apr 22,B2336D97-4B69-224A-88FF-9F2CC8924CEA,03/17/2020
A46368,x,Dictyota,radicans,1946 Jan 30,1FF16703-A587-194C-98A1-61973C8BC330,03/17/2020
A46369,x,Dictyota,radicans,1946 Jan 30,51593784-8557-7540-8710-6CC8153F1ACA,03/17/2020
A24274,x,Dictyota,volubilis,1964 May 04,B9DD1E94-CC3C-F547-9ED6-22472DE6C8AA,03/17/2020
A56422,x,Dictyota,sp.,1962 Nov 05,69F8C44D-D7BD-DD4F-99AB-9B5ECF07093E,03/17/2020
A56420,x,Dictyota,sp.,1962 Nov 02,7EF359EB-853E-EE4E-8B56-6C5AE03225E1,03/17/2020
A1623,x,Dictyota,sp.,1955 Apr 18,73FDB753-19C6-F345-9F32-083B8E4E24EA,03/17/2020
A6547,x,Dictyota,sp.,1956 Jan 01,D5CF05BB-AB00-F542-9AF4-A3EDADF6E004,03/17/2020
A43367,x,Dictyota,sp.,1970 Feb 05,07AF2E19-E7B7-BD44-9350-68037D2F9B22,03/17/2020
A43366,x,Dictyota,sp.,1970 Feb 05,2A6F661D-5AB5-3E41-82B2-3721B98D91BE,03/17/2020
A2692,x,Dictyota,sp.,1957 Dec 12,4FB34D19-DD97-2449-818D-E0C5D2793850,03/17/2020
A16113,x,Dictyota,sp.,1957 Dec 12,C86D2A82-3C2B-4142-884B-938C9A01C857,03/17/2020
A59630,x,Dictyota,sp.,1934 Dec,CBCA9727-BCE7-E54F-9787-B751DF88DF9C,03/17/2020
A59539,x,Dictyota,sp.,1935 Jan 04,F4579C49-30CD-C846-8D34-D2659488FB09,03/17/2020
A43365,x,Dictyota,sp.,1970 Feb 05,B5F04518-8DF1-F446-B980-A7A01EB2688D,03/17/2020
A43364,x,Dictyota,sp.,1969 Oct 01,5BF9EE06-3DF3-3344-B8ED-CCE58E5706E2,03/17/2020
A16184,x,Dictyota,sp.,1957 Dec 07,E085E306-6AE0-EE4C-9D04-56A022E53BA9,03/17/2020
A42505,x,Dictyota,sp.,1968 May 12,A7CCB9A7-108A-BF48-A9A0-89B90A5AE227,03/17/2020
A16185,x,Dictyota,sp.,1957 Oct 20,980AA7C9-6014-5347-AA76-485A86C9F486,03/17/2020
A52603,x,Dictyota,sp.,1967 Sep 21,E3891C51-559F-3848-97CE-748A687D991A,03/17/2020
A59188,x,Ectocarpus,fasciculatus,1978 Apr 10,B12BDF10-D3FA-3C43-A394-1FA08CF05F1F,03/17/2020
A307,x,Ectocarpus,fasciculatus,[unknown],38EFAE68-719A-1C48-B69B-0CAB4C7972EA,03/17/2020
A306,x,Ectocarpus,fasciculatus,[unknown],B62E8EA3-6D81-2141-9DB3-BF2FC638B9A6,03/17/2020
A23821,x,Ectocarpus,fasciculatus,1946 Jul 17,198055E0-1504-2847-9514-1DDABFEBB5D4,03/17/2020
A308,x,Ectocarpus,hemisphaericus,1924 Jul,CF321035-963F-1249-B58D-F98C20A5576E,03/17/2020
A14467,x,Ectocarpus,indicus,1955 Jan 31,A96C5BCE-31B5-F34F-A228-D7210103C672,03/17/2020
A56425,x,Ectocarpus,indicus,1962 Apr 08,94DA3DC7-C488-3748-841D-A22256852EBC,03/17/2020
A6675,x,Ectocarpus,indicus,1960 Jan 31,F03CC2F1-3CC9-1540-ABEB-B29299655F39,03/17/2020
A4686,x,Ectocarpus,indicus,1938 Jan 22,E7C3A83B-FACF-A94A-A783-2BE721577FA0,03/17/2020
A46378,x,Ectocarpus,indicus,1938 Jan 22,626F6E31-BA06-FB4F-B6A4-42D0997C66C1,03/17/2020
A28027,x,Ectocarpus,indicus,1966 Oct 15,F671B227-F70A-7640-9199-A4E6981196B2,03/17/2020
A7629,x,Ectocarpus,mitchellae,1960 Jun 17,8B2FF7C6-3F6F-4040-BFDF-D3F1D4E7976A,03/17/2020
A2889,x,Ectocarpus,mitchellae,1900 May 18,E7604F47-9A70-AF4B-97B7-F1C5BD9079CB,03/17/2020
A6075,x,Ectocarpus,mitchellae,1949 Apr 07,1B19B54C-EF0E-7B43-968E-D37BB74EE698,03/17/2020
A6083,x,Ectocarpus,mitchellae,1950 Dec 10,5AA4C514-DA83-FF49-9D19-94F99CF490BD,03/17/2020
A6091,x,Ectocarpus,mitchellae,1949 May 10,423763E3-8035-8948-AA50-59FFCAB36EB7,03/17/2020
A313,x,Ectocarpus,parksii,[unknown],C9A45C0E-97A2-4B4E-B556-4A8F06A6EF86,03/17/2020
A56426,x,Ectocarpus,padinae,1962 Nov 03,3F298603-6893-5449-82E7-D63658F0A695,03/17/2020
A48396,x,Ectocarpus,siliculosus,1972 Jul 10,7FE40E23-D100-3449-BDD5-3758D485CA54,03/17/2020
A47314,x,Ectocarpus,siliculosus,1972 May 14,621242D7-D3BE-BC42-B151-2906F083FD80,03/17/2020
A47216,x,Ectocarpus,siliculosus,1972 May 12,4ABB1B9D-9CF9-9E42-9C8F-90DBECCB5E2F,03/17/2020
A51289,x,Ectocarpus,siliculosus,1974 May 05,234BB732-0ED9-714B-81F8-8E4CAB80281D,03/17/2020
A51819,x,Ectocarpus,siliculosus,1974 Aug 17,8A860250-DAAE-A648-A36B-92B0BC65C02C,03/17/2020
A50951,x,Ectocarpus,siliculosus,1973 Jul 31,EA812458-C5D3-054C-ABCC-75CC8A65BC01,03/17/2020
A50893,x,Ectocarpus,siliculosus,1973 Jul 27,5CA2506B-F638-8C42-B845-D51C8486CE2A,03/17/2020
A31353,x,Ectocarpus,siliculosus,1974 May 06,8D4844B6-8583-D744-AB9B-3ADA6ABE04D2,03/17/2020
A47469,x,Ectocarpus,siliculosus,1972 May 27,9B46336C-1FC1-AF41-ABBB-9F7CF29D4A11,03/17/2020
A51428,x,Ectocarpus,siliculosus,1974 May 07,D016949A-4EA4-0F43-AB40-589771759087,03/17/2020
A47299,x,Ectocarpus,siliculosus,1972 May 13,F9B3A45B-F5F0-C542-9AC5-05796546AD7D,03/17/2020
A47511,x,Ectocarpus,siliculosus,1972 Jun 11,E9FEBAD1-67E9-5C48-BE8D-C2FF51303B0A,03/17/2020
A51536,x,Ectocarpus,siliculosus,1974 May 22,D9065F91-B6E3-D848-8A4F-861DAB4B9DF6,03/17/2020
A49799,x,Ectocarpus,siliculosus,1973 Jun 30,2FB786A9-3AFE-F84B-A9AB-0878D4210551,03/17/2020
A50009,x,Ectocarpus,siliculosus,1973 Jul 03,E10779C8-3387-D041-A75B-8E046EAC2AB3,03/17/2020
A49500,x,Ectocarpus,siliculosus,1973 Jun 29,A819FC20-3481-2E4A-A750-BC4514E95082,03/17/2020
A47345,x,Ectocarpus,siliculosus,1972 May 15,2287CCD1-7F5A-1040-8A9A-92A212B4264F,03/17/2020
A53490,x,Ectocarpus,siliculosus,1975 Mar 29,1B425D5F-06E2-FC4D-99DE-7DBE0144C5E6,03/17/2020
A26611,x,Ectocarpus,siliculosus,1966 Apr 02,7C5DDDDA-8605-B34A-8CB4-7124021F1103,03/17/2020
A25323,x,Ectocarpus,siliculosus,1966 Jun 22,A2501732-1766-FF4E-8D55-158778FD68A2,03/17/2020
A305,x,Ectocarpus,siliculosus,1930 Jul 12,7F979EC6-2F1E-B440-9D15-8B3229E9C70D,03/17/2020
A315,x,Ectocarpus,siliculosus,1936 Jul 17,5C67FC49-3E65-F24E-96B0-3D66E2C56581,03/17/2020
A316,x,Ectocarpus,siliculosus,1936 Jul 07,0B8F553E-65F4-614F-A107-3FFBD33D0503,03/17/2020
A52593,x,Ectocarpus,siliculosus,1966 Jan 26,4A00DD13-F130-4C49-BCF1-5004D998F646,03/17/2020
A49334,x,Ectocarpus,siliculosus,1972 Aug 16,BD07BC99-653A-684E-8912-6C806FA841A1,03/17/2020
A23813,x,Ectocarpus,siliculosus,1946 Jul 17,F07B150B-1FC2-CF4A-B428-A733ACD0721F,03/17/2020
A57756,x,Ectocarpus,siliculosus,1971 Aug 31,1A7DA2C5-A9D2-A149-9B15-142904FBE54C,03/17/2020
A59615,x,Ectocarpus,siliculosus,1912 Sep,A79A76C0-C26B-624E-894E-6FB18F4E1BFE,03/17/2020
A59641,x,Ectocarpus,siliculosus,1934 Nov 20,E7E74634-61DE-364F-81D5-148F3DFC0229,03/17/2020
A59596,x,Ectocarpus,siliculosus,1912 Oct 15,76EA30F9-FC1F-F848-849D-689BB62BD05D,03/17/2020
A49609,x,Ectocarpus,siliculosus,1967 Aug 21,6EF47477-167B-D94F-AB42-B7DB6B323878,03/17/2020
A57144,x,Ectocarpus,siliculosus,1977 Jul 01,81D1929E-B9CD-7C44-9F89-DB6BA27926EF,03/17/2020
A36504,x,Ectocarpus,siliculosus,1968 Aug 11,D6042EA7-B8AE-8646-A5EB-FA9EDD21DD45,03/17/2020
A8160,x,Ectocarpus,siliculosus,1960 Jun 24,ADD1D5A0-C361-1D45-88FA-2AEB66205843,03/17/2020
A8282,x,Ectocarpus,siliculosus,1960 Jun 10,16C20F02-48BE-1946-922F-1D6D6C2EDD7A,03/17/2020
A320,x,Ectocarpus,sphaerophorus,[unknown],585F99B4-EDCE-AD47-AAC0-74598518B897,03/17/2020
A319,x,Ectocarpus,sphaerophorus,[unknown],4226BB4A-C75C-8741-B582-D824FA6AEA8B,03/17/2020
A318,x,Ectocarpus,sphaerophorus,[unknown],1B87EF2F-0EB8-C849-8C48-AEF7E9538586,03/17/2020
A37189,x,Ectocarpus,sp.,1968 Aug 15,9E380BC6-9D80-EA4E-919F-F13ED960B42A,03/17/2020
A35786,x,Ectocarpus,sp.,1968 Aug 12,C07BA9FC-F219-0549-9A6A-653EEE2282A4,03/17/2020
A31063,x,Ectocarpus,sp.,1967 Jul 08,D7F8DE6E-673C-2346-B9E9-E3C9A1F4B651,03/17/2020
A32530,x,Ectocarpus,sp.,1968 Mar 23,A1813EEA-D297-D341-BB24-98FE2796196F,03/17/2020
A30020,x,Ectocarpus,sp.,1967 May 23,9E3720CF-E7D7-924F-A0B1-FF1ECCA67AC9,03/17/2020
A30021,x,Ectocarpus,sp.,1967 May 23,9FBACFD9-0324-BA4B-B888-C147D47B7953,03/17/2020
A34032,x,Ectocarpus,sp.,1968 Jun 11,339DD5E9-1895-C942-971C-831D325E891F,03/17/2020
A34710,x,Ectocarpus,sp.,1968 Jul 10,5E42BA61-8A9E-EF43-9E73-8B403C6E0421,03/17/2020
A34031,x,Ectocarpus,sp.,1968 Jun 11,E82C0C58-6A1C-0343-BCE8-E66CEDE51D00,03/17/2020
A33121,x,Ectocarpus,sp.,1968 May 13,32E75F22-B2CF-AD44-BF9E-040AF1C89C1D,03/17/2020
A33120,x,Ectocarpus,sp.,1968 May 13,8EBBF996-1337-C544-94EC-5C001A42292C,03/17/2020
A32032,x,Ectocarpus,sp.,1967 Nov 03,AA5702F8-861F-1B4B-92E8-E2A78D21BD0F,03/17/2020
A31484,x,Ectocarpus,sp.,1967 Aug 05,610285A7-739F-8140-A2C1-64AF32938629,03/17/2020
A31817,x,Ectocarpus,sp.,1967 Aug 17,E634A0B2-25EC-274A-9385-1551D9921A1A,03/17/2020
A29893,x,Ectocarpus,sp.,1967 Jul 07,92369021-93FA-3B4E-93A3-309F6E493CD9,03/17/2020
A35288,x,Ectocarpus,sp.,1968 Jul 24,4B7F741E-43C0-8541-9763-7DC6B2FC5A9B,03/17/2020
A38841,x,Ectocarpus,sp.,1968 Oct 25,3C78DC4B-B17A-EE4A-9B6F-5218EE4F7B7E,03/17/2020
A11208,x,Ectocarpus,sp.,1959 May 26,A691F960-6D4D-9B43-9F07-4733EA7CA592,03/17/2020
A40034,x,Ectocarpus,sp.,1969 May 08,5A9228F9-0D28-BA44-98D7-33D149BB402D,03/17/2020
A35928,x,Ectocarpus,sp.,1968 Aug 16,B641F74F-75B4-6E4B-8CA0-E7C8337A3687,03/17/2020
A31818,x,Ectocarpus,sp.,1967 Aug 17,380D295F-32A3-4D48-BB71-06663E0CD7BC,03/17/2020
A34121,x,Ectocarpus,sp.,1968 Jun 12,744A304A-3F20-A047-B517-334E78E00194,03/17/2020
A33270,x,Ectocarpus,sp.,1968 May 15,A5DF520D-ECD8-364E-8707-95AA5EAD47D7,03/17/2020
A33119,x,Ectocarpus,sp.,1968 May 14,E72BD4CF-316A-D544-98F3-6AB3C6F1C0E6,03/17/2020
A29618,x,Ectocarpus,sp.,1967 May 09,998E9117-DA45-E947-9060-265A8276A671,03/17/2020
A31816,x,Ectocarpus,sp.,1967 May 09,9639DDC7-20B1-3348-ABC4-7CFBDE06A40B,03/17/2020
A30354,x,Ectocarpus,sp.,1967 Jun 20,6DB417D3-A651-0C45-8CD4-A4995897B4B8,03/17/2020
A32900,x,Ectocarpus,sp.,1968 Apr 28,57BE530D-7DB0-404F-B6CB-E3A04BA0E4C8,03/17/2020
A32899,x,Ectocarpus,sp.,1968 Apr 14,DF5984F8-E637-6542-9F27-5DBE5BBF9E77,03/17/2020
A32898,x,Ectocarpus,sp.,1968 Apr 14,A50C74BD-9978-7F49-8290-7EEBE73AAE22,03/17/2020
A36809,x,Ectocarpus,sp.,1968 Aug 19,6E695A1F-209E-0A4E-A5E5-4D1FD07CC559,03/17/2020
A38367,x,Ectocarpus,sp.,1968 Sep 01,C4B58234-21E4-C441-A7D5-93261F29B058,03/17/2020
A37818,x,Ectocarpus,sp.,1968 Aug 28,CD7A98E2-8B1A-FB42-9201-774AA7C51D6F,03/17/2020
A38098,x,Ectocarpus,sp.,1958 Aug 25,D1B5EE6B-B82E-FD4B-9A93-5E1620A78023,03/17/2020
A60231,x,Ectocarpus,sp.,1977 May 14,4D75795B-D3C3-FC4F-98F3-96AECE3B55B6,03/17/2020
A21466,x,Ectocarpus,sp.,1965 Jun 13,44D90F10-7E85-084B-BA86-D991B3E7A844,03/17/2020
A20517,x,Ectocarpus,sp.,1965 Jun 12,8E489044-FCE5-AC47-9A80-E5DE601EC46B,03/17/2020
A8215,x,Ectocarpus,sp.,1960 Jul 13,99B8F641-2A6E-BA41-A49C-D015A87E05B8,03/17/2020
A8165,x,Ectocarpus,sp.,1960 Jun 25,64D72CE0-9DE0-2949-ADE8-D8374674247A,03/17/2020
A8298,x,Ectocarpus,sp.,1960 Jun 12,36CF0182-C550-7E42-BCA7-E13AA1E61E0F,03/17/2020
A8355,x,Ectocarpus,sp.,1960 Jun 23,C7CD1A5E-7186-BB47-9BB5-F7D5CD0A2544,03/17/2020
A8156,x,Ectocarpus,sp.,1960 Jun 23,4E636352-FCCA-8E4D-AA25-2F34CBB7B8C6,03/17/2020
A8354,x,Ectocarpus,sp.,1960 Jun 23,F3BAFE4B-B737-BE4F-B3D7-9C73180C58D2,03/17/2020
A47126,x,Ectocarpus,sp.,1969 Oct 16,F3E5C89E-2E15-3448-A73C-12E813823C66,03/17/2020
A63112,x,Ectocarpus,siliculosus,1979 May 09,1EFA57FA-BA92-9844-9EB6-49EFBF8A8439,03/17/2020
A30989,x,Ectocarpus,sp.,1967 Jul 20,550495A0-ABEF-2249-BCC1-E7BC902BC67C,03/17/2020
A8507,x,Ectocarpus,sp.,1958 Aug 15,A43C0C82-5503-9D4B-B49D-B22471B84920,03/17/2020
A8519,x,Ectocarpus,sp.,1958 Aug 15,62678696-80BD-324B-BC99-AC81147AC1C0,03/17/2020
A52598,x,Ectocarpus,sp.,1969 Jan 18,2E0030E3-B02E-474F-814E-245D5862CFCD,03/17/2020
A5436,x,Ectocarpus,sp.,1934 Jan 30,DF88DCFF-77A2-AA41-BE46-52B09183C964,03/17/2020
A36072,x,Ectocarpus,sp.,1968 Sep 10,BF217DE2-A044-2A46-A811-728126865267,03/17/2020
A16112,x,Ectocarpus,sp.,1967 Dec 12,5BCBE35F-0731-9E49-863F-2F49B47D6717,03/17/2020
A16183,x,Ectocarpus,sp.,1967 Dec 12,52D1B66B-A500-A14E-8562-F4CFCD274B08,03/17/2020
A59473,x,Ectocarpus,sp.,1934 Oct 13,736AD5C6-70BF-584A-A15C-5186AE146F62,03/17/2020
A59493,x,Ectocarpus,sp.,1934 Oct 15,D74055E1-AFAE-E046-B6CC-52FCD1E955D9,03/17/2020
A59523,x,Ectocarpus,sp.,1934 Oct 20,B72DCE6E-ABCC-894B-9FEA-E15722A41320,03/17/2020
A59548,x,Ectocarpus,sp.,1934 Dec 27,0DBB769A-71A5-124A-95EE-7F09D9D9FC92,03/17/2020
A59611,x,Ectocarpus,sp.,1912 Sep-Oct,B8B2D4B7-A1C1-D243-A583-0B91FF2192B5,03/17/2020
A59354,x,Ectocarpus,sp.,1934 Dec 12,2F729134-A161-9349-9A83-BE6041E55DDC,03/17/2020
A59355,x,Ectocarpus,sp.,1934 Dec 12,38138548-4A96-1D4D-9391-67A566B0E54E,03/17/2020
A43467,x,Ectocarpus,sp.,1970 Jan 10,E65D2C8E-E3AB-C04F-ADED-3D7758F9760A,03/17/2020
A52614,x,Ectocarpus,sp.,1969 Jun 05,9A47AA5C-DDCE-0647-9803-CE5D5E0E42C9,03/17/2020
A37712,x,Ectocarpus,sp.,1967 Jun 26,61657509-53A1-3544-9019-03AD4E53CB02,03/17/2020
A56427,x,Ectocarpus,sp.,1967 Jun 26,7B386438-5F53-9347-AD20-41AB3D194B4D,03/17/2020
A53051,x,Ectocarpus,sp.,1969 Jun 15,60A29B56-406C-7649-9252-10C007E16EF4,03/17/2020
A1629,x,Ectocarpus,sp.,1955 Oct 22,F1A72134-91C0-AD46-B2E1-BCC61F2D6D8F,03/17/2020
A1627,x,Ectocarpus,sp.,1955 Oct 22,992C69CB-B2B7-BE4C-BA51-EA50830993E5,03/17/2020
A14422,x,Ectocarpus,sp.,1955 Nov 02,9E12BD6E-F845-E94F-87CD-B8DE046F031F,03/17/2020
A14421,x,Ectocarpus,sp.,1955 Nov 02,F89D9BB4-D732-424C-AFE4-8C30233451F6,03/17/2020
A44426,x,Ectocarpus,sp.,1970 Feb 07,3CA0F394-9603-6B47-A78F-D8282F656253,03/17/2020
A44427,x,Ectocarpus,sp.,1970 Feb 07,ECC92133-FCFA-4243-B559-DE7FB80C2FA7,03/17/2020
A44429,x,Ectocarpus,sp.,1970 Feb 10,F58F3CDA-8858-C944-82F1-BEC6CFE49B52,03/17/2020
A44430,x,Ectocarpus,sp.,1970 Feb 10,8F7CF591-FA7F-CE43-8ACA-3F1B2FD60B20,03/17/2020
A44431,x,Ectocarpus,sp.,1970 Feb 10,F528F1C9-35A8-B44C-AC82-8A3F94D093BE,03/17/2020
A44432,x,Ectocarpus,sp.,1970 Feb 10,71DAEC34-FA9E-6745-9E4D-E7C7C2B034BC,03/17/2020
A44433,x,Ectocarpus,sp.,1970 Feb 10,57ADABE4-03DD-D941-9FE3-ABF875C7DF6E,03/17/2020
A44399,x,Ectocarpus,sp.,1970 Feb 22,CAD575AE-718D-9149-96F9-A552444112FE,03/17/2020
A44410,x,Ectocarpus,siliculosus,1970 Jan 29,90BDCF60-70B2-BA41-9807-8EFF281CA4B6,03/17/2020
A44428,x,Ectocarpus,sp.,1970 Feb 10,3B2F2B2C-2CD8-7A46-88D2-EBAD2C6E97F7,03/17/2020
A45031,x,Ectocarpus,sp.,1967 Dec 19,0871B433-FDE0-2B4B-9D54-45F15073F10B,03/17/2020
A45030,x,Ectocarpus,sp.,1967 Dec 19,6EF86014-826A-CD44-B106-F0EEB8859B51,03/17/2020
A45029,x,Ectocarpus,sp.,1967 Dec 19,DEC36C19-FCE3-E64B-980D-AD53A47F1C3C,03/17/2020
A45308,x,Ectocarpus,sp.,1970 Feb 14,101D0B62-AA61-CC4E-806B-4C830A335F9C,03/17/2020
A44423,x,Ectocarpus,sp.,1970 Feb 05,46A8A9C2-4B29-8F4E-8797-FF2CA1788332,03/17/2020
A44424,x,Ectocarpus,sp.,1970 Feb 06,DC0FBC52-2722-0D4F-BBB2-3CBD0A0BD9A5,03/17/2020
A45039,x,Ectocarpus,sp.,1968 Feb 04,D4EF7360-1D54-594C-B859-AFDF68E66A17,03/17/2020
A45038,x,Ectocarpus,sp.,1968 Jan 30,A983657D-A9BD-2F4A-8AC8-E0CA1766D4B5,03/17/2020
A45037,x,Ectocarpus,sp.,1968 Jan 30,7518532E-EFAC-3D42-B2C5-5107E776C24C,03/17/2020
A45036,x,Ectocarpus,sp.,1968 Jan 30,2D3E2208-8985-CF48-B5D4-944618587F0E,03/17/2020
A45035,x,Ectocarpus,sp.,1968 Jan 30,5A5F5E29-5BD4-B443-A85C-9A4AB72E7D32,03/17/2020
A45034,x,Ectocarpus,sp.,1968 Jan 29,EFB30160-4790-A949-8714-84189494B00E,03/17/2020
A45033,x,Ectocarpus,sp.,1968 Jan 29,54785B99-8035-1F44-B475-C3CE69769322,03/17/2020
A45032,x,Ectocarpus,sp.,1968 Jan 21,EEC6E5A5-4640-AD46-B8BF-74B23C9E2B70,03/17/2020
A44413,x,Ectocarpus,sp.,1970 Feb 03,486D5971-1E4B-F942-B581-D8A30909A263,03/17/2020
A44414,x,Ectocarpus,sp.,1970 Feb 03,4F4A77F6-E41C-5A48-BD7F-F920CA65E837,03/17/2020
A44416,x,Ectocarpus,sp.,1970 Feb 02,4776B607-74DB-4A4D-ACC9-976EE4E4D982,03/17/2020
A44417,x,Ectocarpus,sp.,1970 Feb 05,8EA2839C-1353-3C4B-92AD-E62AAE1A9BE9,03/17/2020
A44418,x,Ectocarpus,sp.,1970 Feb 05,D4744E67-7BFC-F04E-AFEF-6775D33EDB7E,03/17/2020
A44419,x,Ectocarpus,sp.,1970 Feb 05,01F79E99-9C6A-144A-BC64-6F506D88DF44,03/17/2020
A44420,x,Ectocarpus,sp.,1970 Feb 05,A8EB5EDF-BD49-4749-9C3F-36A39BEBE9C9,03/17/2020
A44421,x,Ectocarpus,sp.,1970 Feb 05,48CA237C-7CF4-114E-8999-53B4AAE95DE5,03/17/2020
A44422,x,Ectocarpus,sp.,1970 Feb 05,1833541A-3E12-754C-96C7-03473FF93714,03/17/2020
A44403,x,Ectocarpus,sp.,1970 Feb 19,39D8BE57-F776-9F45-8F4A-90ADDE9BC921,03/17/2020
A64122,x,Dictyota,binghamiae,1979 May 28,5B6494F0-FDA0-384E-98FD-5A80C9AA54AC,03/17/2020
A65970,x,Ectocarpus,parvus,1976 Oct 23,C6E00987-CDC2-E443-9342-E2D6AB1087E2,03/17/2020
A66309,x,Dictyosiphon,foeniculaceus,1917 Jul 25,80994637-9833-7A4E-8751-62FFB02A2590,03/17/2020
A66308,x,Dictyosiphon,foeniculaceus,1902 Jun 26,81D55741-0427-744B-A431-A99AE443BB70,03/17/2020
A66876,x,Dictyota,binghamiae,1982 Mar 27,34F200A7-B969-9E4B-8D43-5EA6D901F772,03/17/2020
A67021,x,Dictyosiphon,foeniculaceus,11/7/1982,E567B69D-521C-384D-AE15-C8300FB54E49,03/17/2020
A67041,x,Dictyosiphon,foeniculaceus,1982 Jul 17,F4A247A8-B66C-A949-9E5C-8A6C107554A7,03/17/2020
A67042,x,Dictyosiphon,foeniculaceus,1982 Jul 18,A228AB0F-85B6-0941-9DC9-3459F879090D,03/17/2020
A67086,c,Dictyosiphon,foeniculaceus,1982 Jul 07,A3A6A285-A36F-594C-91E2-6CC79F1A9CF1,03/17/2020
A67066,x,Dictyota,binghamiae,11/7/1982,4E3BA505-A0D9-D244-9345-427858379201,03/17/2020
A84512,x,Dictyota,binghamiae,2003 Aug 08,00777335-F52D-0341-93C0-BAFD43B04EAB,03/17/2020
A84585,x,Ectocarpus,siliculosus,1994 May 20,7BAD8F29-AF7D-D340-9749-EB8BCBBBEBB8,03/17/2020
A85016,x,Ectocarpus,parvus,6/2/1977,8F9A3054-47E8-CD47-8500-5B0BAA039895,03/17/2020
A85017,x,Ectocarpus,parvus,1977 Jun 17,346499E2-6639-EE4B-BAD5-49460705272D,03/17/2020
A85375,x,Dictyosiphon,foeniculaceus,2006 May 13,7D4943F0-1077-224C-9963-C1043DFDC248,03/17/2020
A85862,x,Dictyota,spinulosa,2007 May 11,933F1B6A-4FEE-BC41-A4E0-AB434B22B375,03/17/2020
A86876,x,Ectocarpus,parvus,2005 May 23,FD6837B1-AA08-3449-8DCB-ABEFD839A632,03/17/2020
A89077,x,Dictyosiphon,foeniculaceus,2011 Aug 12,55BBDCF7-BE2A-844C-B123-51C1C2A588D6,03/17/2020
A63821,x,Dictyota,binghamiae,1977 Jun 23,0C59025E-15A2-C84E-A3B4-810E3F4DE173,03/17/2020
A45345,x,Dictyota,binghamiae,1970 May 21,D6D63382-C9F3-DD40-843F-A4C7B8879131,03/17/2020
A56174,x,Dictyota,binghamiae,1976 Mar 30,7900BC08-8580-1642-8C9F-9BE6BE8EDEFD,03/17/2020
A55476,x,Dictyota,binghamiae,1976 Mar 30,C5B472A4-8A8C-8241-87E6-4D53A538B2CF,03/17/2020
A56402,x,Dictyota,binghamiae,1976 Mar 27,C778B48D-DDBB-1C48-97AD-3CC697D8C7A0,03/17/2020
A56197,x,Dictyota,binghamiae,1976 Mar 27,FB61236B-C4D6-AF4A-BD01-6D0728D72CAD,03/17/2020
A56400,x,Dictyota,binghamiae,1976 Mar 27,0410A11D-2B61-2743-B9CB-18814A431EF7,03/17/2020
A56383,x,Dictyota,binghamiae,1976 Mar 29,1AD1F65E-1E38-C74F-92C5-ECC406724A00,03/17/2020
A55111,x,Dictyota,binghamiae,1976 Mar 27,406B6D53-CC19-5448-8A36-DE4801073676,03/17/2020
A64396,x,Dictyosiphon,foeniculaceus,1981 Jul 13,0B6535BD-2574-D145-91E6-E34EAFA14EA2,03/17/2020
A66684,x,Dictyosiphon,foeniculaceus,1982 Apr 25,E2DAE628-0740-7F4D-BB6B-160D0B3DEF94,03/17/2020
A90346,x,Dictyosiphon,foeniculaceus,2013 May 29,B043FE4B-245B-D24F-A01E-442BF2A2BA75,03/17/2020
A90772,x,Dictyosiphon,foeniculaceus,2014 Jun 16,049BB8B2-5AE0-DF40-BBA2-DDE6089909EB,03/17/2020
A80710,x,Dictyosiphon,foeniculaceus,1989 Jul 16,4E75ABF7-6131-0746-BE1A-C819815DF2B4,03/17/2020
A80702,x,Dictyosiphon,foeniculaceus,1989 Jul 21,1E3A4674-A61F-BF48-9EBC-68B8B70A74B1,03/17/2020
A80646,x,Ectocarpus,commensalis,1989 Jul 24,2F3240D9-5F78-E74A-9968-0A14BF0993B6,03/17/2020
A80632,x,Dictyosiphon,foeniculaceus,1989 Jul 27,C436F6B5-93C2-0540-A591-57D2205E8EE5,03/17/2020
A80546,x,Dictyosiphon,foeniculaceus,1989 Jul 30,F48B2A88-320E-2143-898E-CE64912026DD,03/17/2020
A92713,x,Dictyosiphon,foeniculaceus,2016 May 27,A5CAE1A7-F3A5-EB45-80BF-ABDEC3CD86FC,03/17/2020
A92812,x,Dictyosiphon,sinicola,2015 Jun 17,3CC8BDE3-63E4-824D-92A2-911AB9704493,03/17/2020
